date,Apple_Price,Apple_Vol.,sentiment_score
02-04-2019,42.81,125980000.0,0.0
02-05-2019,43.55,144410000.0,0.0
02-06-2019,43.56,112960000.0,0.0
02-07-2019,42.73,126970000.0,0.0
02-08-2019,42.6,95280000.0,0.0
02-11-2019,42.36,83970000.0,0.0
02-12-2019,42.72,89130000.0,0.0
02-13-2019,42.55,89960000.0,0.0
02-14-2019,42.7,87340000.0,0.0
02-15-2019,42.6,98510000.0,0.0
02-18-2019,42.6,98510000.0,0.0
02-19-2019,42.73,75890000.0,0.0
02-20-2019,43.01,104460000.0,0.0
02-21-2019,42.77,69000000.0,0.0
02-22-2019,43.24,75650000.0,-8.607676136307418e-06
02-25-2019,43.56,87490000.0,0.0
02-26-2019,43.58,68280000.0,0.0
02-27-2019,43.72,111340000.0,0.0
02-28-2019,43.29,112860000.0,0.0
03-01-2019,43.74,103540000.0,0.0
03-04-2019,43.96,109740000.0,0.0
03-05-2019,43.88,78950000.0,0.0
03-06-2019,43.63,83240000.0,0.0
03-07-2019,43.12,99190000.0,0.0
03-08-2019,43.23,96000000.0,0.0
03-11-2019,44.73,128040000.0,0.0
03-12-2019,45.23,129870000.0,0.0
03-13-2019,45.43,124130000.0,0.0
03-14-2019,45.93,94320000.0,0.0
03-15-2019,46.53,156170000.0,0.0
03-18-2019,47.01,104880000.0,0.0
03-19-2019,46.63,126590000.0,0.0
03-20-2019,47.04,124140000.0,0.0
03-21-2019,48.77,204140000.0,0.0
03-22-2019,47.76,169630000.0,0.0
03-25-2019,47.19,175380000.0,0.0
03-26-2019,46.7,199200000.0,0.0
03-27-2019,47.12,119390000.0,0.0
03-28-2019,47.18,83120000.0,0.0
03-29-2019,47.49,94260000.0,0.0
04-01-2019,47.81,111450000.0,-6.074384145904332e-06
04-02-2019,48.51,91060000.0,0.0
04-03-2019,48.84,93090000.0,0.0
04-04-2019,48.92,76460000.0,0.0
04-05-2019,49.25,74110000.0,0.0
04-08-2019,50.02,103530000.0,0.0
04-09-2019,49.88,143070000.0,0.0
04-10-2019,50.16,86780000.0,0.0
04-11-2019,49.74,83600000.0,0.0
04-12-2019,49.72,111040000.0,0.0
04-15-2019,49.81,70150000.0,0.0
04-16-2019,49.81,102790000.0,-0.9830089180031791
04-17-2019,50.78,115630000.0,0.0
04-18-2019,50.97,96780000.0,-0.9948653177707456
04-19-2019,50.97,96780000.0,0.0
04-22-2019,51.13,77760000.0,-0.6807661354541779
04-23-2019,51.87,93290000.0,0.0
04-24-2019,51.79,70160000.0,0.0
04-25-2019,51.32,74170000.0,-0.9954202321823686
04-26-2019,51.08,74600000.0,0.0
04-29-2019,51.15,88820000.0,-0.7294591675745323
04-30-2019,50.17,186140000.0,0.0
05-01-2019,52.63,259310000.0,-0.9865157138556242
05-02-2019,52.29,127990000.0,0.0
05-03-2019,52.94,83570000.0,0.0
05-06-2019,52.12,129770000.0,0.0
05-07-2019,50.72,155050000.0,-0.9864174734102562
05-08-2019,50.73,105360000.0,0.0
05-09-2019,50.18,139630000.0,0.0
05-10-2019,49.3,164830000.0,-0.7235973492497578
05-13-2019,46.43,229720000.0,-0.9864004084374756
05-14-2019,47.16,146120000.0,-0.6832972574047744
05-15-2019,47.73,106180000.0,-0.9349796869792044
05-16-2019,47.52,132130000.0,-0.2932331033516675
05-17-2019,47.25,131520000.0,-0.9978365244460292
05-20-2019,45.77,154450000.0,-0.6868127495981753
05-21-2019,46.65,113460000.0,-0.9864213538821787
05-22-2019,45.7,118990000.0,-0.9490186683833599
05-23-2019,44.91,146120000.0,-0.050417486927472055
05-24-2019,44.74,94860000.0,-2.212965046055615e-05
05-27-2019,44.74,94860000.0,-0.6889072502963245
05-28-2019,44.56,111790000.0,0.0
05-29-2019,44.34,113920000.0,0.011306455358862877
05-30-2019,44.58,84870000.0,-0.0016248075698968023
05-31-2019,43.77,108170000.0,-0.997836206748616
06-03-2019,43.33,161580000.0,-0.4556641245726496
06-04-2019,44.91,123870000.0,0.0
06-05-2019,45.63,119090000.0,0.0
06-06-2019,46.3,90110000.0,-0.4748881575651467
06-07-2019,47.54,122740000.0,-0.40252236754167825
06-10-2019,48.15,104880000.0,-0.68050043634139
06-11-2019,48.7,107730000.0,0.0
06-12-2019,48.55,73010000.0,0.0
06-13-2019,48.54,86700000.0,-0.983594884746708
06-14-2019,48.19,75050000.0,-0.3860483866883442
06-17-2019,48.47,58680000.0,0.0
06-18-2019,49.61,106200000.0,0.0
06-19-2019,49.47,84500000.0,0.0
06-20-2019,49.87,86060000.0,0.0
06-21-2019,49.7,191200000.0,0.0
06-24-2019,49.65,72880000.0,0.0
06-25-2019,48.89,84280000.0,0.0
06-26-2019,49.95,104270000.0,0.0
06-27-2019,49.94,83600000.0,0.0
06-28-2019,49.48,124440000.0,0.0
07-01-2019,50.39,109270000.0,0.0
07-02-2019,50.68,67740000.0,0.0
07-03-2019,51.1,45450000.0,0.0
07-04-2019,51.1,45450000.0,0.0
07-05-2019,51.06,69060000.0,0.0
07-08-2019,50.01,101350000.0,0.0
07-09-2019,50.31,82310000.0,0.0
07-10-2019,50.81,71590000.0,0.0
07-11-2019,50.44,80770000.0,0.0
07-12-2019,50.83,70380000.0,0.0
07-15-2019,51.3,67790000.0,0.0
07-16-2019,51.12,67470000.0,0.0
07-17-2019,50.84,56430000.0,0.0
07-18-2019,51.41,74330000.0,0.0
07-19-2019,50.65,83720000.0,0.0
07-22-2019,51.8,89110000.0,0.0
07-23-2019,52.21,73420000.0,0.0
07-24-2019,52.17,59970000.0,0.0
07-25-2019,51.76,55640000.0,0.0
07-26-2019,51.94,70480000.0,0.0
07-29-2019,52.42,86690000.0,0.0
07-30-2019,52.2,135740000.0,0.0
07-31-2019,53.26,277130000.0,0.0
08-01-2019,52.11,216070000.0,0.0
08-02-2019,51.01,163450000.0,0.0
08-05-2019,48.34,209570000.0,0.0
08-06-2019,49.25,143300000.0,0.0
08-07-2019,49.76,133460000.0,0.0
08-08-2019,50.86,108040000.0,0.0
08-09-2019,50.25,98480000.0,0.0
08-12-2019,50.12,89930000.0,0.0
08-13-2019,52.24,190160000.0,0.0
08-14-2019,50.69,146190000.0,0.0
08-15-2019,50.44,111530000.0,0.0
08-16-2019,51.62,115250000.0,0.0
08-19-2019,52.59,97730000.0,0.0
08-20-2019,52.59,107680000.0,0.0
08-21-2019,53.16,86260000.0,0.0
08-22-2019,53.12,89070000.0,0.0
08-23-2019,50.66,187530000.0,0.0
08-26-2019,51.62,104260000.0,0.0
08-27-2019,51.04,103590000.0,0.0
08-28-2019,51.38,63830000.0,0.0
08-29-2019,52.25,84030000.0,0.0
08-30-2019,52.19,84650000.0,0.0
09-02-2019,52.19,84650000.0,0.0
09-03-2019,51.42,80240000.0,0.0
09-04-2019,52.3,76870000.0,0.0
09-05-2019,53.32,95790000.0,0.0
09-06-2019,53.31,77450000.0,0.0
09-09-2019,53.54,109240000.0,0.0
09-10-2019,54.17,127110000.0,0.0
09-11-2019,55.9,177160000.0,0.0
09-12-2019,55.77,128910000.0,0.0
09-13-2019,54.69,159050000.0,0.0
09-16-2019,54.98,84630000.0,0.0
09-17-2019,55.17,73550000.0,0.0
09-18-2019,55.69,102570000.0,0.0
09-19-2019,55.24,88750000.0,0.0
09-20-2019,54.43,231910000.0,0.0
09-23-2019,54.68,77680000.0,0.0
09-24-2019,54.42,125740000.0,0.0
09-25-2019,55.26,89920000.0,0.0
09-26-2019,54.97,76350000.0,0.0
09-27-2019,54.7,101450000.0,0.0
09-30-2019,55.99,105270000.0,0.0
10-01-2019,56.15,144750000.0,0.0
10-02-2019,54.74,143070000.0,0.0
10-03-2019,55.2,121410000.0,0.0
10-04-2019,56.75,139020000.0,0.0
10-07-2019,56.77,123560000.0,0.0
10-08-2019,56.1,117130000.0,0.0
10-09-2019,56.76,76120000.0,0.0
10-10-2019,57.52,115850000.0,0.0
10-11-2019,59.05,167960000.0,0.0
10-14-2019,58.97,97650000.0,0.0
10-15-2019,58.83,92160000.0,0.0
10-16-2019,58.59,77150000.0,0.0
10-17-2019,58.82,69090000.0,0.0
10-18-2019,59.1,97510000.0,0.0
10-21-2019,60.13,89470000.0,0.0
10-22-2019,59.99,90740000.0,0.0
10-23-2019,60.8,79730000.0,0.0
10-24-2019,60.9,71670000.0,0.0
10-25-2019,61.65,73480000.0,0.0
10-28-2019,62.26,96570000.0,0.0
10-29-2019,60.82,142840000.0,0.0
10-30-2019,60.81,124520000.0,0.0
10-31-2019,62.19,139160000.0,0.0
11-01-2019,63.95,151130000.0,0.0
11-04-2019,64.38,103270000.0,0.0
11-05-2019,64.28,79900000.0,0.0
11-06-2019,64.31,75860000.0,0.0
11-07-2019,64.86,94940000.0,0.0
11-08-2019,65.03,70080000.0,0.0
11-11-2019,65.55,82030000.0,0.0
11-12-2019,65.49,87390000.0,0.0
11-13-2019,66.12,103270000.0,0.0
11-14-2019,65.66,89580000.0,0.0
11-15-2019,66.44,100370000.0,0.0
11-18-2019,66.78,86800000.0,0.0
11-19-2019,66.57,76280000.0,0.0
11-20-2019,65.8,106440000.0,0.0
11-21-2019,65.5,121400000.0,0.0
11-22-2019,65.44,65330000.0,0.0
11-25-2019,66.59,84120000.0,0.0
11-26-2019,66.07,105340000.0,0.0
11-27-2019,66.96,65540000.00000001,0.0
11-28-2019,66.96,65540000.00000001,0.0
11-29-2019,66.81,46620000.0,0.0
12-02-2019,66.04,94770000.0,0.0
12-03-2019,64.86,117510000.0,0.0
12-04-2019,65.44,67240000.0,0.0
12-05-2019,66.39,74650000.0,0.0
12-06-2019,67.68,106190000.0,0.0
12-09-2019,66.73,128730000.0,0.0
12-10-2019,67.12,90530000.0,0.0
12-11-2019,67.69,78890000.0,0.0
12-12-2019,67.86,137750000.0,0.0
12-13-2019,68.79,133730000.0,0.0
12-16-2019,69.97,128320000.0,0.0
12-17-2019,70.1,114300000.0,0.0
12-18-2019,69.94,116100000.0,0.0
12-19-2019,70.0,98510000.0,0.0
12-20-2019,69.86,276130000.0,0.0
12-23-2019,71.0,98710000.0,0.0
12-24-2019,71.07,48480000.0,0.0
12-25-2019,71.07,48480000.0,0.0
12-26-2019,72.48,93340000.0,0.0
12-27-2019,72.45,146370000.0,0.0
12-30-2019,72.88,144240000.0,0.0
12-31-2019,73.41,100990000.0,0.0
01-01-2020,73.41,100990000.0,0.0
01-02-2020,75.09,135650000.0,0.0
01-03-2020,74.36,146540000.0,0.0
01-06-2020,74.95,118580000.0,0.0
01-07-2020,74.6,111510000.0,0.0
01-08-2020,75.8,132360000.0,0.0
01-09-2020,77.41,170490000.0,0.0
01-10-2020,77.58,140870000.0,0.0
01-13-2020,79.24,122090000.0,0.0
01-14-2020,78.17,162610000.0,0.0
01-15-2020,77.83,121920000.0,0.0
01-16-2020,78.81,108830000.0,0.0
01-17-2020,79.68,137820000.0,0.0
01-20-2020,79.68,137820000.0,0.0
01-21-2020,79.14,110840000.0,0.0
01-22-2020,79.42,101830000.0,0.0
01-23-2020,79.81,104470000.0,0.0
01-24-2020,79.58,146540000.0,0.0
01-27-2020,77.24,161940000.0,0.0
01-28-2020,79.42,162230000.0,0.0
01-29-2020,81.08,216600000.0,0.0
01-30-2020,80.97,126740000.0,0.0
01-31-2020,77.38,199590000.0,0.0
02-03-2020,77.17,173990000.0,0.0
02-04-2020,79.71,136620000.0,0.0
02-05-2020,80.36,118830000.0,0.0
02-06-2020,81.3,105430000.0,0.0
02-07-2020,80.01,117680000.0,0.0
02-10-2020,80.39,109350000.0,0.0
02-11-2020,79.9,94320000.0,0.0
02-12-2020,81.8,113730000.0,0.0
02-13-2020,81.22,94750000.0,0.0
02-14-2020,81.24,80110000.0,0.0
02-17-2020,81.24,80110000.0,0.0
02-18-2020,79.75,152760000.0,0.0
02-19-2020,80.91,93980000.0,0.0
02-20-2020,80.08,100570000.0,0.0
02-21-2020,78.26,129710000.0,0.0
02-24-2020,74.55,222200000.0,0.0
02-25-2020,72.02,230670000.0,0.0
02-26-2020,73.16,198710000.0,0.0
02-27-2020,68.38,320610000.0,0.0
02-28-2020,68.34,426880000.0,0.0
03-02-2020,74.7,341400000.0,0.0
03-03-2020,72.33,319480000.0,0.0
03-04-2020,75.69,219180000.0,0.0
03-05-2020,73.23,187570000.0,0.0
03-06-2020,72.26,226180000.0,0.0
03-09-2020,66.54,286740000.0,0.0
03-10-2020,71.33,285290000.0,0.0
03-11-2020,68.86,256380000.0,0.0
03-12-2020,62.06,418470000.0,0.0
03-13-2020,69.49,370730000.0,0.0
03-16-2020,60.55,322420000.0,0.0
03-17-2020,63.22,324060000.0,0.0
03-18-2020,61.67,300230000.0,0.0
03-19-2020,61.2,271860000.0,0.0
03-20-2020,57.31,401690000.0,0.0
03-23-2020,56.09,336750000.0,-0.9966087713837624
03-24-2020,61.72,287530000.0,-0.03775848035002127
03-25-2020,61.38,303600000.0,0.0
03-26-2020,64.61,252560000.0,0.0
03-27-2020,61.94,204220000.0,0.9914196709287353
03-30-2020,63.7,167980000.0,0.9426246831426397
03-31-2020,63.57,197000000.0,0.0
04-01-2020,60.23,176220000.0,0.0
04-02-2020,61.23,165930000.0,0.0
04-03-2020,60.35,129880000.0,0.0
04-06-2020,65.62,201820000.0,0.0
04-07-2020,64.86,202890000.0,-0.9971692973049358
04-08-2020,66.52,168900000.0,0.9984793766052462
04-09-2020,67.0,162120000.0,0.7799467146396637
04-10-2020,67.0,162120000.0,0.0
04-13-2020,68.31,131020000.0,0.0
04-14-2020,71.76,194990000.0,0.0
04-15-2020,71.11,131150000.0,0.0
04-16-2020,71.67,157130000.0,0.0
04-17-2020,70.7,215250000.0,0.0
04-20-2020,69.23,130020000.0,0.0
04-21-2020,67.09,180990000.0,0.0
04-22-2020,69.03,117060000.0,0.0
04-23-2020,68.76,124810000.0,-0.9919405288528651
04-24-2020,70.74,126510000.0,0.019055627286434174
04-27-2020,70.79,117090000.0,0.9250460900366306
04-28-2020,69.64,112000000.0,-0.9978350260062143
04-29-2020,71.93,137280000.0,0.0
04-30-2020,73.45,183060000.0,-0.8239515721797943
05-01-2020,72.27,240620000.0,2.8379945433698595e-05
05-04-2020,73.29,133570000.0,0.0
05-05-2020,74.39,147750000.0,-0.5325363962911069
05-06-2020,75.16,142330000.0,0.9991128846304491
05-07-2020,75.94,115220000.0,0.0016544000245630741
05-08-2020,77.53,134050000.0,0.0
05-11-2020,78.75,145950000.0,0.0
05-12-2020,77.85,162300000.0,0.9994911745307036
05-13-2020,76.91,200620000.0,-0.9961881187045947
05-14-2020,77.39,158930000.0,0.4895370523445308
05-15-2020,76.93,166350000.0,-0.0006898961146362126
05-18-2020,78.74,135370000.0,-0.9960882712621242
05-19-2020,78.28,101730000.0,0.9994536011508899
05-20-2020,79.81,111500000.0,0.9977847642730922
05-21-2020,79.21,102690000.0,0.0
05-22-2020,79.72,81800000.0,0.0
05-25-2020,79.72,81800000.0,0.0
05-26-2020,79.72,81800000.0,0.0
05-27-2020,79.53,112950000.0,0.0
05-28-2020,79.56,133800000.0,0.9978678500046954
05-29-2020,79.48,153600000.0,0.0
06-01-2020,80.46,81020000.0,0.0
06-02-2020,80.83,87640000.0,0.0
06-03-2020,81.28,104490000.0,0.0
06-04-2020,80.58,87560000.0,0.0
06-05-2020,82.88,137250000.0,0.0
06-08-2020,83.36,95650000.0,0.0
06-09-2020,86.0,147710000.0,0.0
06-10-2020,88.21,166650000.0,0.9539859850192443
06-11-2020,83.97,201660000.0,0.0
06-12-2020,84.7,200150000.0,0.0
06-15-2020,85.75,138810000.0,0.9993783563550096
06-16-2020,88.02,165430000.0,0.0
06-17-2020,87.9,114410000.0,0.0
06-18-2020,87.93,96820000.0,0.0
06-19-2020,87.43,264480000.00000003,0.039945421303855255
06-22-2020,89.72,135450000.0,0.0
06-23-2020,91.63,212160000.0,0.0
06-24-2020,90.02,192620000.0,-0.9820819888263941
06-25-2020,91.21,137520000.0,0.0
06-26-2020,88.41,205260000.0,0.0
06-29-2020,90.44,130650000.0,-1.9472830899758264e-05
06-30-2020,91.2,140220000.0,0.0
07-01-2020,91.03,110740000.0,0.0
07-02-2020,91.03,114040000.0,0.07716423633974046
07-03-2020,91.03,114040000.0,0.4580143988132477
07-06-2020,91.03,114040000.0,0.0
07-07-2020,93.17,112420000.0,0.9994941179465968
07-08-2020,95.34,117090000.0,-0.993955846875906
07-09-2020,95.68,125640000.0,0.0
07-10-2020,95.92,90260000.0,0.0
07-13-2020,95.48,191650000.0,0.0
07-14-2020,97.06,170990000.0,0.815849298145622
07-15-2020,97.72,153200000.0,0.9993340967193944
07-16-2020,96.52,110580000.0,0.9992558793746866
07-17-2020,96.33,92190000.0,0.9992179299879353
07-20-2020,98.36,90320000.0,0.9966739157680422
07-21-2020,97.0,103650000.0,0.0
07-22-2020,97.27,89000000.0,0.0
07-23-2020,92.84,197000000.0,0.0
07-24-2020,92.61,185440000.0,0.0
07-27-2020,94.81,121210000.0,0.0
07-28-2020,93.25,103630000.0,0.0
07-29-2020,95.04,90330000.0,0.0
07-30-2020,96.19,158130000.0,0.056513538118451834
07-31-2020,106.26,374300000.0,0.0
08-03-2020,108.94,308150000.0,0.9994697672518669
08-04-2020,109.67,172790000.0,0.0
08-05-2020,110.06,121990000.0,-0.9970348711358383
08-06-2020,113.9,202430000.0,0.9994005667977035
08-07-2020,111.11,198050000.0,0.9971855320618488
08-10-2020,112.73,212400000.0,0.9994095615111291
08-11-2020,109.38,187900000.0,0.9993515880487394
08-12-2020,113.01,165940000.0,0.0
08-13-2020,115.01,210080000.0,0.9984834833303466
08-14-2020,114.91,165570000.0,0.0
08-17-2020,114.61,119560000.0,0.0
08-18-2020,115.56,105630000.0,0.9994120455667144
08-19-2020,115.71,145540000.0,-0.9644398692762479
08-20-2020,118.28,126910000.0,0.9992200147826225
08-21-2020,124.37,338050000.0,0.0009943279001163319
08-24-2020,125.86,345940000.0,0.0024625451769679785
08-25-2020,124.83,211500000.0,0.9991143032821128
08-26-2020,126.52,163020000.0,0.0
08-27-2020,125.01,155550000.0,0.9988377801200841
08-28-2020,124.81,187630000.0,0.0011909036547876894
08-31-2020,129.04,225700000.0,0.976455831900239
09-01-2020,134.18,152470000.0,0.0
09-02-2020,131.4,200120000.0,0.9973449119133875
09-03-2020,120.88,257600000.00000003,-0.538815051317215
09-04-2020,120.96,332610000.0,-0.9972112957620993
09-07-2020,120.96,332610000.0,0.0
09-08-2020,120.96,332610000.0,0.99945201362425
09-09-2020,117.32,176940000.0,-0.990040814736858
09-10-2020,113.49,182270000.0,0.8050103038549423
09-11-2020,112.0,180860000.0,0.9601021425332874
09-14-2020,115.36,140150000.0,0.9989868318516528
09-15-2020,115.54,184640000.0,0.9986671849037521
09-16-2020,112.13,155030000.0,0.9994442546740174
09-17-2020,110.34,178010000.0,4.787615034729242e-05
09-18-2020,106.84,287100000.0,0.0
09-21-2020,110.08,195710000.0,0.0
09-22-2020,111.81,183060000.0,0.004528510587988421
09-23-2020,107.12,150720000.0,0.0
09-24-2020,108.22,167740000.0,-0.9909770828671753
09-25-2020,112.28,149980000.0,0.0
09-28-2020,114.96,137670000.0,0.5646189722465351
09-29-2020,114.09,100060000.0,0.9904634146951139
09-30-2020,115.81,142680000.0,0.0
10-01-2020,116.79,116120000.0,0.9994713538471842
10-02-2020,113.02,144710000.0,0.0
10-05-2020,116.5,106240000.0,0.0
10-06-2020,113.16,161500000.0,0.9986111035686918
10-07-2020,115.08,96850000.0,0.9979007808724418
10-08-2020,114.97,83480000.0,-8.902285480871797e-05
10-09-2020,116.97,100510000.0,-0.49720391631126404
10-12-2020,124.4,240230000.0,0.9989448277628981
10-13-2020,121.1,262330000.0,-0.9827848966233432
10-14-2020,121.19,151060000.0,0.0
10-15-2020,120.71,112560000.0,0.0
10-16-2020,119.02,115390000.0,0.00016704745939932764
10-19-2020,115.98,120640000.0,0.0
10-20-2020,117.51,124420000.0,0.9992355960712302
10-21-2020,116.87,89950000.0,0.9993038378015626
10-22-2020,115.75,101990000.0,0.99934059860243
10-23-2020,115.04,82570000.0,0.7794068908551708
10-26-2020,115.05,111850000.0,0.9993244635115843
10-27-2020,116.6,92280000.0,0.9994819262064993
10-28-2020,111.2,143940000.0,0.9986447400879115
10-29-2020,115.32,146130000.0,-0.9971028879517689
10-30-2020,108.86,190570000.0,0.9876049850136042
11-02-2020,108.77,122870000.0,0.9995127784932265
11-03-2020,110.44,107620000.0,0.19560802285559475
11-04-2020,114.95,138240000.0,0.0
11-05-2020,119.03,126390000.0,0.0
11-06-2020,118.69,114460000.0,0.0
11-09-2020,116.32,154520000.0,-0.9550637386273593
11-10-2020,115.97,138020000.0,0.5348159102723002
11-11-2020,119.49,112300000.0,0.9991802978038322
11-12-2020,119.21,103350000.0,0.0
11-13-2020,119.26,81690000.0,0.999325036566006
11-16-2020,120.3,91180000.0,0.0
11-17-2020,119.39,74270000.0,0.0
11-18-2020,118.03,76320000.0,0.0
11-19-2020,118.64,74110000.0,0.0
11-20-2020,117.34,73600000.0,0.0
11-23-2020,113.85,127960000.0,0.9991346287715714
11-24-2020,115.17,113870000.0,0.0
11-25-2020,116.03,76500000.0,0.004773563327034935
11-26-2020,116.03,76500000.0,0.0
11-27-2020,116.03,76500000.0,0.0
11-30-2020,119.05,169410000.0,0.9985867955256253
12-01-2020,122.72,128170000.0,-0.5589591413736343
12-02-2020,123.08,89000000.0,0.0
12-03-2020,122.94,78970000.0,0.0
12-04-2020,122.25,78260000.0,-0.9967519617639482
12-07-2020,123.75,86710000.0,-0.01979607011890039
12-08-2020,124.38,82230000.0,0.0
12-09-2020,121.78,115090000.0,0.015291449133655988
12-10-2020,123.24,81310000.0,0.999468586029252
12-11-2020,122.41,86940000.0,0.9980141214327887
12-14-2020,121.78,79080000.0,-0.3359582982957363
12-15-2020,127.88,157570000.0,0.99905075240531
12-16-2020,127.81,98210000.0,0.9994101112824865
12-17-2020,128.7,94360000.0,-0.9695839036721736
12-18-2020,126.65,192540000.0,0.0
12-21-2020,128.23,121250000.0,-0.9975438676192425
12-22-2020,131.88,169350000.0,0.9994787660398288
12-23-2020,130.96,88220000.0,0.9992960459931055
12-24-2020,131.97,54930000.0,0.0001999529413296841
12-25-2020,131.97,54930000.0,0.9992955453053582
12-28-2020,136.69,124490000.0,0.9992222242290154
12-29-2020,134.87,121050000.0,0.9994385719619459
12-30-2020,133.72,96450000.0,0.9994531084521441
12-31-2020,132.69,99120000.0,0.0
01-01-2021,132.69,99120000.0,0.0
01-04-2021,129.41,143300000.0,0.9993972205847967
01-05-2021,131.01,97670000.0,0.999403471039841
01-06-2021,126.6,155090000.0,0.9932117921271129
01-07-2021,130.92,109580000.0,0.9993496328243054
01-08-2021,132.05,105160000.0,0.8315819731215015
01-11-2021,128.98,100620000.0,0.0
01-12-2021,128.8,91950000.0,0.9992953038599808
01-13-2021,130.89,88640000.0,0.800242967903614
01-14-2021,128.91,90220000.0,0.9994573773437878
01-15-2021,127.14,111600000.0,0.9994223854591837
01-18-2021,127.14,111600000.0,0.9961399737512693
01-19-2021,127.14,111600000.0,0.9969502462190576
01-20-2021,132.03,104320000.0,0.7434014357277192
01-21-2021,136.87,120530000.0,0.9991937763115857
01-22-2021,139.07,114460000.0,0.9995129113085568
01-25-2021,142.92,157610000.0,-0.9787493757903576
01-26-2021,143.16,98390000.0,0.002078817218716722
01-27-2021,142.06,140840000.0,0.9993640596512705
01-28-2021,137.09,142620000.0,0.10539023217279464
01-29-2021,131.96,177520000.0,-0.9977300179307349
02-01-2021,134.14,106240000.0,0.9994462935719639
02-02-2021,134.99,83310000.0,-2.349454371142201e-05
02-03-2021,133.94,89880000.0,0.9114166721701622
02-04-2021,137.39,84180000.0,0.9994245101697743
02-05-2021,136.76,75690000.0,-0.006643399130553007
02-08-2021,136.91,71300000.0,0.840620483388193
02-09-2021,136.01,76770000.0,-2.8665715944953263e-05
02-10-2021,135.39,73050000.0,0.005981436290312558
02-11-2021,135.13,64280000.0,0.9994140057970071
02-12-2021,135.37,60150000.0,-0.9968589644995518
02-15-2021,135.37,60150000.0,0.9992353196721524
02-16-2021,135.37,60150000.0,0.9994602936640149
02-17-2021,130.84,98090000.0,-0.6068176329135895
02-18-2021,129.71,96860000.0,-0.9981137011491228
02-19-2021,129.87,87670000.0,0.043609996093437076
02-22-2021,126.0,103920000.0,0.9993307053518947
02-23-2021,125.86,158270000.0,0.9979741230490617
02-24-2021,125.35,111040000.0,0.9994845402252395
02-25-2021,120.99,148200000.0,0.9793711844831705
02-26-2021,121.26,164560000.0,-2.018889063037932e-05
03-01-2021,127.79,116310000.0,0.9898873406345956
03-02-2021,125.12,102260000.0,0.9992333235568367
03-03-2021,122.06,112970000.0,-0.9975329302833416
03-04-2021,120.13,178160000.0,-0.9949495545588434
03-05-2021,121.42,153770000.0,-0.9779307693243027
03-08-2021,116.36,154380000.0,-0.9945797082036734
03-09-2021,121.08,129530000.0,0.9990775012702215
03-10-2021,119.98,111940000.0,0.9978173431591131
03-11-2021,121.96,103030000.0,0.998858907376416
03-12-2021,121.03,88110000.0,0.9982598649221472
03-15-2021,123.99,92590000.0,0.10039616387803108
03-16-2021,125.57,115230000.0,0.9657902675680816
03-17-2021,124.76,111930000.0,0.9994193208985962
03-18-2021,120.53,121470000.0,0.00013554016186390072
03-19-2021,119.99,185550000.0,0.9973129430727568
03-22-2021,123.39,111910000.0,0.9991216270718724
03-23-2021,122.54,95470000.0,0.9991560945345555
03-24-2021,120.09,88530000.0,0.9993949726631399
03-25-2021,120.59,98850000.0,0.004082387313246727
03-26-2021,121.21,94070000.0,0.948438661871478
03-29-2021,121.39,80820000.0,-0.8304787948727608
03-30-2021,119.9,85670000.0,-0.9980216935218778
03-31-2021,122.15,118320000.0,0.9993341919907834
04-01-2021,123.0,75090000.0,0.21411293663550168
04-02-2021,123.0,75090000.0,-0.013588956091552973
04-05-2021,125.9,88650000.0,-7.984856347320601e-05
04-06-2021,126.21,80170000.0,0.00018685669783735648
04-07-2021,127.9,83470000.0,0.9994498088781256
04-08-2021,130.36,88850000.0,0.002285773283801973
04-09-2021,132.99,106690000.0,0.9994381312571932
04-12-2021,131.24,91420000.0,0.9968250158708543
04-13-2021,134.43,91270000.0,4.591849574353546e-06
04-14-2021,132.03,87220000.0,0.943506583571434
04-15-2021,134.5,89350000.0,0.996787789859809
04-16-2021,134.16,84920000.0,-2.1823158022016287e-05
04-19-2021,134.84,94260000.0,-4.762965545523912e-05
04-20-2021,133.11,94810000.0,0.9993499806732871
04-21-2021,133.5,68850000.0,-0.003792138653807342
04-22-2021,131.94,84570000.0,-0.9975444444571622
04-23-2021,134.32,78760000.0,0.9991699004312977
04-26-2021,134.72,66910000.0,0.9995092689496232
04-27-2021,134.39,66019999.99999999,-5.09325836901553e-05
04-28-2021,133.58,107760000.0,0.9988209147995804
04-29-2021,133.48,151100000.0,-0.9954038029536605
04-30-2021,131.46,109840000.0,0.9994581607315922
05-03-2021,132.54,75140000.0,-0.4134177193045616
05-04-2021,127.85,137560000.0,-0.9977020981605165
05-05-2021,128.1,84000000.0,-1.926920231198892e-05
05-06-2021,129.74,78130000.0,0.9992863083025441
05-07-2021,130.21,78970000.0,0.1497966388706118
05-10-2021,126.85,88070000.0,-0.9567364426329732
05-11-2021,125.91,126140000.0,0.9930945800151676
05-12-2021,122.77,112170000.0,-0.00026950796018354595
05-13-2021,124.97,105860000.0,0.9946536456700414
05-14-2021,127.45,81920000.0,-0.9965863776160404
05-17-2021,126.27,74250000.0,0.744763994589448
05-18-2021,124.85,63340000.0,-0.007684879587031901
05-19-2021,124.69,92610000.0,-1.9003280613105744e-05
05-20-2021,127.31,76860000.0,0.9770648528356105
05-21-2021,125.43,79300000.0,-5.1705945224966854e-05
05-24-2021,127.1,63090000.0,-0.036436453461647034
05-25-2021,126.9,72010000.0,-0.7610993587877601
05-26-2021,126.85,56580000.0,-9.825103916227818e-06
05-27-2021,125.28,94630000.0,0.9991024882765487
05-28-2021,124.61,71310000.0,-0.9659081760328263
05-31-2021,124.61,71310000.0,0.999364802177297
06-01-2021,124.61,71310000.0,-0.11228335648775101
06-02-2021,125.06,59280000.0,0.003266586601966992
06-03-2021,123.54,76230000.0,0.9988734358776128
06-04-2021,125.89,75170000.0,0.9984651743143331
06-07-2021,125.9,71060000.0,-0.8653168882010505
06-08-2021,126.74,74400000.0,9.151034100796096e-05
06-09-2021,127.13,56880000.0,-0.23956596851348877
06-10-2021,126.11,71190000.0,0.9972336329519749
06-11-2021,127.35,53520000.0,-0.7880818769335747
06-14-2021,130.48,96910000.0,0.9964296338439453
06-15-2021,129.64,62750000.0,0.9968202147865668
06-16-2021,130.15,91820000.0,0.9994453387043905
06-17-2021,131.79,96720000.0,0.29681272886227816
06-18-2021,130.46,108950000.0,-0.008125064428895712
06-21-2021,132.3,79660000.0,0.9796058712527156
06-22-2021,133.98,74780000.0,0.9994613015733194
06-23-2021,133.7,60210000.0,0.020428539006388746
06-24-2021,133.41,68710000.0,0.0317110224859789
06-25-2021,133.11,70780000.0,3.863693564198911e-06
06-28-2021,134.78,62110000.0,0.9955925669055432
06-29-2021,136.33,64560000.0,0.9971458329528105
06-30-2021,136.96,63260000.0,-0.1261492157354951
07-01-2021,137.27,52490000.0,0.9985470486426493
07-02-2021,139.96,78950000.0,-0.0015215449966490269
07-05-2021,139.96,78950000.0,0.999440056446474
07-06-2021,139.96,78950000.0,0.9043898023664951
07-07-2021,144.57,104910000.0,-0.00014669622760266066
07-08-2021,143.24,105580000.0,-3.137794556096196e-05
07-09-2021,145.11,99890000.0,4.255097155692056e-05
07-12-2021,144.5,76300000.0,0.9991152373258956
07-13-2021,145.64,100830000.0,-9.391860658070073e-06
07-14-2021,149.15,127050000.0,0.9982500027108472
07-15-2021,148.48,106820000.0,0.3003893153509125
07-16-2021,146.39,93250000.0,-4.070123395649716e-05
07-19-2021,142.45,121440000.0,-0.6907940357923508
07-20-2021,146.15,96350000.0,0.9991729960020166
07-21-2021,145.4,74990000.0,0.04507451911922544
07-22-2021,146.8,77340000.0,-0.9928213176317513
07-23-2021,148.56,71450000.0,-0.904250331223011
07-26-2021,148.99,72430000.0,5.8130732213612646e-05
07-27-2021,146.77,104820000.0,-0.37080574699211866
07-28-2021,144.98,118930000.0,-0.8169527500867844
07-29-2021,145.64,56700000.0,-0.9976974515011534
07-30-2021,145.86,70440000.0,-0.9948346848250367
08-02-2021,145.52,62880000.0,-0.9951946453657001
08-03-2021,147.36,64790000.00000001,-0.9308685585856438
08-04-2021,146.95,56370000.0,0.9992425543896388
08-05-2021,147.06,46400000.0,0.6473963856697083
08-06-2021,146.14,54130000.0,0.9813980640028603
08-09-2021,146.09,48910000.0,0.9994431981176604
08-10-2021,145.6,69020000.0,0.9994254546763841
08-11-2021,145.86,48490000.0,-7.026839011814445e-05
08-12-2021,148.89,73780000.0,-0.9942580793285742
08-13-2021,149.1,59380000.0,0.9951185781974345
08-16-2021,151.12,103560000.0,-5.9128215070813894e-06
08-17-2021,150.19,92230000.0,-1.4598317648051307e-05
08-18-2021,146.36,86330000.0,-0.9936159178614616
08-19-2021,146.7,86960000.0,-0.0008897362858988345
08-20-2021,148.19,60550000.0,0.998761206981726
08-23-2021,149.71,60130000.0,0.002409197622910142
08-24-2021,149.62,48610000.0,-0.99472506926395
08-25-2021,148.36,58990000.0,0.9839628500631079
08-26-2021,147.54,48600000.0,3.8620819395873696e-05
08-27-2021,148.6,55800000.0,-0.9361073821783066
08-30-2021,153.12,90960000.0,0.999470147449756
08-31-2021,151.83,86450000.0,0.031083010137081146
09-01-2021,152.51,80310000.0,0.9994284444255754
09-02-2021,153.65,71170000.0,0.999423874396598
09-03-2021,154.3,57870000.0,-2.8652444598264992e-05
09-06-2021,154.3,57870000.0,0.9992938826326281
09-07-2021,154.3,57870000.0,-0.9820154191693291
09-08-2021,155.11,74420000.0,0.8986736162332818
09-09-2021,154.07,57310000.0,0.9994508979580132
09-10-2021,148.97,140890000.0,-0.9415427427738905
09-13-2021,149.55,102400000.0,-0.00012500470256782137
09-14-2021,148.12,109300000.0,0.9951891648961464
09-15-2021,149.03,83280000.0,0.9575449917465448
09-16-2021,148.79,68030000.0,0.9994425600598333
09-17-2021,146.06,129870000.0,-0.9912384875351563
09-20-2021,142.94,123480000.0,-0.996143891941756
09-21-2021,143.43,75830000.0,0.9990340232325252
09-22-2021,145.85,76400000.0,0.00017064917483367026
09-23-2021,146.83,64840000.0,0.00028343570011202246
09-24-2021,146.92,53480000.0,0.9964900887280237
09-27-2021,145.37,74150000.0,-0.9951201789663173
09-28-2021,141.91,108970000.0,-0.9885370079427958
09-29-2021,142.83,74600000.0,0.015452444553375244
09-30-2021,141.5,89060000.0,-0.9282781390356831
10-01-2021,142.65,94640000.0,0.9993745668325573
10-04-2021,139.14,98320000.0,0.9995161735569127
10-05-2021,141.11,80860000.0,0.9993308686534874
10-06-2021,142.0,83220000.0,-0.0008616898558102548
10-07-2021,143.29,61730000.0,0.9994695118512027
10-08-2021,142.9,58770000.0,0.010911115445196629
10-11-2021,142.81,64450000.0,0.859991267323494
10-12-2021,141.51,73040000.0,-3.8448633858934045e-06
10-13-2021,140.91,78760000.0,-2.7240996132604778e-05
10-14-2021,143.76,69910000.0,0.997412269905908
10-15-2021,144.84,67940000.0,-0.23560932581312954
10-18-2021,146.55,85590000.0,0.9942748856265098
10-19-2021,148.76,76380000.0,0.9994018685538322
10-20-2021,149.26,58420000.0,0.00046878005377948284
10-21-2021,149.48,61420000.0,-0.9979853674885817
10-22-2021,148.69,58880000.0,0.997025431250222
10-25-2021,148.64,50720000.0,-0.9974720878526568
10-26-2021,149.32,60890000.0,-0.9959957981482148
10-27-2021,148.85,56100000.0,0.2702187376562506
10-28-2021,152.57,100080000.0,-0.9980025413678959
10-29-2021,149.8,124950000.0,0.9964307221816853
11-01-2021,148.96,74590000.0,0.9994601555808913
11-02-2021,150.02,69120000.0,0.9992996614600997
11-03-2021,151.49,54510000.0,0.9992133309569908
11-04-2021,150.96,60400000.0,0.9955971124581993
11-05-2021,151.28,65459999.99999999,0.9988752584031317
11-08-2021,150.44,55020000.0,-0.9962026048451662
11-09-2021,150.81,56790000.0,-0.045095971785485744
11-10-2021,147.92,65190000.0,0.9993752951850183
11-11-2021,147.87,41000000.0,0.9993748096458148
11-12-2021,149.99,63800000.0,-1.7900674720294774e-05
11-15-2021,150.0,59220000.0,0.00011037350850529037
11-16-2021,151.0,59260000.0,0.09887630119919777
11-17-2021,153.49,88810000.0,-0.003557354095391929
11-18-2021,157.87,137830000.0,0.5117125287652016
11-19-2021,160.55,117310000.0,-2.697108720894903e-05
11-22-2021,161.02,117470000.0,0.9994527191011002
11-23-2021,161.41,96040000.0,0.9988929137907689
11-24-2021,161.94,69460000.0,0.0034026323119178414
11-25-2021,161.94,69460000.0,0.20031530159758404
11-26-2021,161.94,69460000.0,0.9981847324525006
11-29-2021,160.24,88750000.0,0.999510367953917
11-30-2021,165.3,174050000.0,0.9992725533666089
12-01-2021,164.77,152420000.0,-0.9008145481348038
12-02-2021,163.76,136740000.0,0.9975987576181069
12-03-2021,161.84,118020000.0,-0.9867946857702918
12-06-2021,165.32,107500000.0,0.9993855238280958
12-07-2021,171.18,120410000.0,-0.9981262490036897
12-08-2021,175.08,117000000.0,0.999337449145969
12-09-2021,174.56,108920000.0,0.9994791773351608
12-10-2021,179.45,115400000.0,0.00013304292224347591
12-13-2021,175.74,153240000.0,-0.9616279513575137
12-14-2021,174.33,139380000.0,0.9990279191115405
12-15-2021,179.3,131060000.0,0.9950934478547424
12-16-2021,172.26,150190000.0,-0.9946538310032338
12-17-2021,171.14,195920000.0,0.9994190746510867
12-20-2021,169.75,107500000.0,0.9174784310162067
12-21-2021,172.99,91190000.0,-0.9844755821395665
12-22-2021,175.64,92140000.0,0.9993442598643014
12-23-2021,176.28,68360000.0,-0.9091269122436643
12-24-2021,176.28,68360000.0,-5.969268386252224e-07
12-27-2021,180.33,74920000.0,-0.0004781549287145026
12-28-2021,179.29,79140000.0,0.9977377839386463
12-29-2021,179.38,62350000.0,0.899805486551486
12-30-2021,178.2,59770000.0,0.9947973643429577
12-31-2021,177.57,64060000.0,0.9993741134821903
01-03-2022,182.01,104700000.0,0.9994845887704287
01-04-2022,179.7,99310000.0,0.9991963041538838
01-05-2022,174.92,94540000.0,-0.9979508469696157
01-06-2022,172.0,96900000.0,0.9993463962600799
01-07-2022,172.17,86710000.0,-2.697108720894903e-05
01-10-2022,172.19,106770000.0,0.9991018912987784
01-11-2022,175.08,76140000.0,0.9991172554291552
01-12-2022,175.53,74810000.0,-1.3744589523412287e-05
01-13-2022,172.19,84510000.0,-2.3082789994077757e-05
01-14-2022,173.07,80440000.0,-0.9931472805328667
01-17-2022,173.07,80440000.0,0.9993405676505063
01-18-2022,173.07,80440000.0,-0.9969708473654464
01-19-2022,166.23,94820000.0,-0.997905560885556
01-20-2022,164.51,91420000.0,-2.096130629070103e-05
01-21-2022,162.41,122850000.0,0.9995464919920778
01-24-2022,161.62,162710000.0,7.87256212788634e-05
01-25-2022,159.78,115800000.0,-0.8799839690327644
01-26-2022,159.69,108280000.0,-4.04223392251879e-05
01-27-2022,159.22,121960000.0,-0.00045530447096098214
01-28-2022,170.33,179940000.0,0.9994757073000073
01-31-2022,174.78,115540000.0,-1.1224852642044425e-05
02-01-2022,174.61,86210000.0,0.9989334421406966
02-02-2022,175.84,84910000.0,-0.8700086642056704
02-03-2022,172.9,89420000.0,0.8634599223732948
02-04-2022,172.39,82470000.0,0.9992035553441383
02-07-2022,171.66,77250000.0,-1.0723444574978203e-05
02-08-2022,174.83,74830000.0,0.00028200695669511333
02-09-2022,176.28,71290000.0,0.99929532391252
02-10-2022,172.12,90870000.0,0.8865553513169289
02-11-2022,168.64,98670000.0,0.9994363598816562
02-14-2022,168.88,86190000.0,0.9994644563703332
02-15-2022,172.79,64290000.00000001,-3.5993904020870104e-05
02-16-2022,172.55,61180000.0,0.9994053404661827
02-17-2022,168.88,69590000.0,-0.9978258909541182
02-18-2022,167.3,82770000.0,-0.9872248766478151
02-21-2022,167.3,82770000.0,3.138015017611906e-05
02-22-2022,167.3,82770000.0,0.9994787870527944
02-23-2022,160.07,90010000.0,0.0038082321116235107
02-24-2022,162.74,141150000.0,0.001167999995232094
02-25-2022,164.85,91970000.0,-0.12556572863832116
02-28-2022,165.12,95060000.0,-0.9979138409835286
03-01-2022,163.2,83470000.0,-0.8625789333600551
03-02-2022,166.56,79730000.0,0.9979458366287872
03-03-2022,166.23,76680000.0,0.9993628245720174
03-04-2022,163.17,83820000.0,-0.8605999499559402
03-07-2022,159.3,96420000.0,-0.9978444877197035
03-08-2022,157.44,131150000.0,3.989203833043575e-06
03-09-2022,162.95,91460000.0,0.5505656003952026
03-10-2022,158.52,105340000.0,0.010361649066908285
03-11-2022,154.73,96970000.0,0.9962441600509919
03-14-2022,150.62,108730000.0,-0.9217702182941139
03-15-2022,155.09,92960000.0,0.9993664543726481
03-16-2022,159.59,102300000.0,-0.26613325253129005
03-17-2022,160.62,75620000.0,0.77167350333184
03-18-2022,163.98,123510000.0,0.9991371640353464
03-21-2022,165.38,95810000.0,0.9714989941567183
03-22-2022,168.82,81530000.0,-0.9329070704989135
03-23-2022,170.21,98060000.0,-4.616945079760626e-05
03-24-2022,174.07,90130000.0,-0.9783423859626055
03-25-2022,174.72,80550000.0,0.9988795550889336
03-28-2022,175.6,90370000.0,0.9988360889256
03-29-2022,178.96,100590000.0,0.7902644770219922
03-30-2022,177.77,92630000.0,0.9994603285740595
03-31-2022,174.61,103050000.0,0.002400643832515925
04-01-2022,174.31,78750000.0,0.3424687724909745
04-04-2022,178.44,76550000.0,0.9725377759896219
04-05-2022,175.06,73400000.0,-0.4455713115166873
04-06-2022,171.83,89060000.0,0.18144449882674962
04-07-2022,172.14,77600000.0,-2.466126170475036e-05
04-08-2022,170.09,76580000.0,5.5557116866111755e-05
04-11-2022,165.75,72250000.0,-0.024737270403420553
04-12-2022,167.66,79270000.0,0.364211767911911
04-13-2022,170.4,70620000.0,0.0010435125877847895
04-14-2022,165.29,75330000.0,-7.870796252973378e-06
04-15-2022,165.29,75330000.0,0.9994507186347619
04-18-2022,165.07,69020000.0,0.889656140236184
04-19-2022,167.4,67720000.0,0.9992609727923991
04-20-2022,167.23,67930000.0,-0.9972108420915902
04-21-2022,166.42,87230000.0,-0.9888172098435462
04-22-2022,161.79,84880000.0,-0.9959982666186988
04-25-2022,162.88,96050000.0,0.9983569259638898
04-26-2022,156.8,95620000.0,0.9990733683807775
04-27-2022,156.57,88060000.0,0.9994953088316834
04-28-2022,163.64,130220000.0,-0.5940849822945893
04-29-2022,157.65,131750000.0,-0.8322809115052223
05-02-2022,157.96,123060000.0,0.8329612985253334
05-03-2022,159.48,88970000.0,-0.9582443935796618
05-04-2022,166.02,108260000.0,0.9988979547051713
05-05-2022,156.77,130530000.0,-0.9950991787482053
05-06-2022,157.28,116130000.0,-0.9925878893118352
05-09-2022,152.06,131580000.0,-0.9728311442304403
05-10-2022,154.51,115370000.0,0.9908151532290503
05-11-2022,146.5,142690000.0,-0.13548154570162296
05-12-2022,142.56,182600000.0,-0.7178788557648659
05-13-2022,147.11,113990000.0,-0.9972354177734815
05-16-2022,145.54,86640000.0,0.9993837184010772
05-17-2022,149.24,78340000.0,-0.49104899470694363
05-18-2022,140.82,109740000.0,-0.997682707675267
05-19-2022,137.35,136100000.0,0.9567776527255774
05-20-2022,137.59,137430000.0,-0.9937177333049476
05-23-2022,143.11,117730000.0,-0.7019026726484299
05-24-2022,140.36,104130000.0,-0.31161941960453987
05-25-2022,140.52,92480000.0,0.9983330414397642
05-26-2022,143.78,90600000.0,-0.43416736647486687
05-27-2022,149.64,90980000.0,-0.8913006074726582
05-30-2022,149.64,90980000.0,-0.9978849693434313
05-31-2022,149.64,90980000.0,0.0010880503978114575
06-01-2022,148.71,74290000.0,-0.9828684460371733
06-02-2022,151.21,72350000.0,0.9783715492812917
06-03-2022,145.38,88570000.0,-0.9966786690638401
06-06-2022,146.14,71600000.0,0.7256623083376326
06-07-2022,148.71,67810000.0,-0.23844230029499158
06-08-2022,147.96,53950000.0,-1.226895983563736e-05
06-09-2022,142.64,69470000.0,0.923816367983818
06-10-2022,137.13,91570000.0,-0.11467091366648674
06-13-2022,131.88,122210000.0,-0.9953385095577687
06-14-2022,132.76,84780000.0,-0.937146607786417
06-15-2022,135.43,91530000.0,0.9969624393561389
06-16-2022,130.06,107960000.0,0.993233063723892
06-17-2022,131.56,134520000.0,0.17074716091156006
06-20-2022,131.56,134520000.0,0.9780933950096369
06-21-2022,131.56,134520000.0,0.9981080139987171
06-22-2022,135.35,73410000.0,0.9988894192501903
06-23-2022,138.27,72430000.0,-0.989204993005842
06-24-2022,141.66,89120000.0,0.9956840567756444
06-27-2022,141.66,70210000.0,0.9955540341325104
06-28-2022,137.44,67320000.0,0.7584611922502518
06-29-2022,139.23,66239999.99999999,-0.047694755252450705
06-30-2022,136.72,98960000.0,-3.3139549486804754e-05
07-01-2022,138.93,71050000.0,0.9994275244680466
07-04-2022,138.93,71050000.0,-0.9977836603065953
07-05-2022,138.93,71050000.0,0.9365586545318365
07-06-2022,142.92,74060000.0,0.031312233535572886
07-07-2022,146.35,66250000.0,0.9990891489724163
07-08-2022,147.04,64550000.0,0.9992752271064091
07-11-2022,144.87,63310000.0,-0.5238935500383377
07-12-2022,145.86,77590000.0,0.9987102048180532
07-13-2022,145.49,71190000.0,-0.9926258265040815
07-14-2022,148.47,78140000.0,-0.9939026674255729
07-15-2022,150.17,76260000.0,0.7979149436578155
07-18-2022,147.07,81420000.0,0.9990860851248726
07-19-2022,151.0,82980000.0,0.9052876569330692
07-20-2022,153.04,64819999.99999999,-0.9943933436297812
07-21-2022,155.35,65090000.0,-0.9973823120817542
07-22-2022,154.09,66680000.00000001,0.030514456622768193
07-25-2022,152.95,53620000.0,0.6990798115730286
07-26-2022,151.6,55140000.0,-0.8748095221817493
07-27-2022,156.79,78620000.0,-0.9980238761054352
07-28-2022,157.35,81380000.0,-0.9979128777631558
07-29-2022,162.51,101790000.0,-0.0003543595958035439
08-01-2022,161.51,67830000.0,0.9993957879050868
08-02-2022,160.01,59910000.0,-3.621109499363229e-05
08-03-2022,166.13,82510000.0,0.9992386169033125
08-04-2022,165.81,55470000.0,0.9994991212006425
08-05-2022,165.35,56700000.0,0.9994532990967855
08-08-2022,164.87,60360000.0,0.9988828817004105
08-09-2022,164.92,63140000.0,-0.996575063909404
08-10-2022,169.24,70170000.0,0.8730242694728076
08-11-2022,168.49,57150000.0,0.998710424231831
08-12-2022,172.1,68040000.0,0.9993488540349063
08-15-2022,173.19,54090000.0,-2.009557283599861e-05
08-16-2022,173.03,56380000.0,0.9994060282770079
08-17-2022,174.55,79540000.0,9.734983905218542e-06
08-18-2022,174.15,62290000.0,-0.002091086469590664
08-19-2022,171.52,70350000.0,0.9994723094569054
08-22-2022,167.57,69030000.0,-0.9980342162307352
08-23-2022,167.23,54150000.0,-0.9944996751146391
08-24-2022,167.53,53840000.0,0.6923474242212251
08-25-2022,170.03,51220000.0,0.9965681197936647
08-26-2022,163.62,78960000.0,-1.712502125883475e-05
08-29-2022,161.38,73310000.0,-0.997860646166373
08-30-2022,158.91,77910000.0,-0.00018946474301628768
08-31-2022,157.22,87990000.0,-0.8313456908799708
09-01-2022,157.96,74230000.0,0.9974432181334123
09-02-2022,155.81,76960000.0,-0.9534738762304187
09-05-2022,155.81,76960000.0,0.18197020515799522
09-06-2022,155.81,76960000.0,-0.9890848831273615
09-07-2022,155.96,87450000.0,-2.7385831344872713e-06
09-08-2022,154.46,84920000.0,0.002917118588811718
09-09-2022,157.37,68080000.0,-0.04069211706519127
09-12-2022,163.43,104960000.0,0.010775994625873864
09-13-2022,153.84,122660000.0,-3.4914199204649776e-05
09-14-2022,155.31,87970000.0,-0.9963201936916448
09-15-2022,152.37,90480000.0,-0.024807857756968588
09-16-2022,150.7,162280000.0,-0.9745449353649747
09-19-2022,154.48,81470000.0,-0.9798032824182883
09-20-2022,156.9,107690000.0,0.9972730525187217
09-21-2022,153.72,101700000.0,3.78392796847038e-05
09-22-2022,152.74,86650000.0,0.9994412319938419
09-23-2022,150.43,96030000.0,-0.9898648036760278
09-26-2022,150.77,93340000.0,0.00015921289013931528
09-27-2022,151.76,84440000.0,-0.9784285351634026
09-28-2022,149.84,146690000.0,-0.9971832294249907
09-29-2022,142.48,128140000.0,-0.9980506245628931
09-30-2022,138.2,124930000.0,0.9930712919158395
10-03-2022,142.45,114310000.0,0.9981944945757277
10-04-2022,146.1,87830000.0,0.9995393143908586
10-05-2022,146.4,79470000.0,0.008736685616895556
10-06-2022,145.43,68400000.0,-0.9839690204244107
10-07-2022,140.09,85930000.0,-0.997513127309503
10-10-2022,140.42,74900000.0,-0.9977013865718618
10-11-2022,138.98,77030000.0,0.804370314348489
10-12-2022,138.34,70430000.0,-0.9917642422369681
10-13-2022,142.99,113220000.0,0.947997716604732
10-14-2022,138.38,88600000.0,0.3458641234319657
10-17-2022,142.41,85250000.0,0.9994896022399189
10-18-2022,143.75,99140000.0,0.9363670721650124
10-19-2022,143.86,61760000.0,-0.9945339816622436
10-20-2022,143.39,64519999.99999999,-0.9028689155820757
10-21-2022,147.27,86550000.0,0.9994846213521669
10-24-2022,149.45,75980000.0,6.172639405122027e-05
10-25-2022,152.34,74730000.0,0.9976556549081579
10-26-2022,149.35,88440000.0,0.9993844871933106
10-27-2022,144.8,109180000.0,-0.9976551001891494
10-28-2022,155.74,164760000.0,0.47217413783073425
10-31-2022,153.34,97940000.0,-0.028106704354286194
11-01-2022,150.65,80380000.0,0.5743965217843652
11-02-2022,145.03,93610000.0,-0.9947484193835407
11-03-2022,138.88,97920000.0,-0.9973771313671023
11-04-2022,138.38,140820000.0,0.8095533652231097
11-07-2022,138.92,83380000.0,-0.9977921365643851
11-08-2022,139.5,89910000.0,-0.0004231531092955265
11-09-2022,134.87,74920000.0,-0.4951860726578161
11-10-2022,146.87,118850000.0,0.999184434855124
11-11-2022,149.7,93980000.0,-0.9939290944021195
11-14-2022,148.28,73370000.0,0.03375803306698799
11-15-2022,150.04,89870000.0,0.34513848228380084
11-16-2022,148.79,64220000.0,5.8279067161493e-05
11-17-2022,150.72,80390000.0,0.2238753720303066
11-18-2022,151.29,74830000.0,0.9991305178264156
11-21-2022,148.01,58720000.0,0.9950489934999496
11-22-2022,150.18,51800000.0,0.008675738077727146
11-23-2022,151.07,58300000.0,0.9765395573340356
11-24-2022,151.07,58300000.0,-0.017170612059999257
11-25-2022,148.11,35200000.0,0.9987538139685057
11-28-2022,144.22,69350000.0,0.9955167309381068
11-29-2022,141.17,83760000.0,-0.7274092354346067
11-30-2022,148.03,111380000.0,-0.0010883350623771548
12-01-2022,148.31,71250000.0,-0.9695649560308084
12-02-2022,147.81,65450000.0,6.400271377060562e-05
12-05-2022,146.63,68390000.0,-7.380532406386919e-05
12-06-2022,142.91,64519999.99999999,-0.7122641205787659
12-07-2022,140.94,69510000.0,0.9994548819959164
12-08-2022,142.65,61910000.0,-0.9731230111792684
12-09-2022,142.16,76100000.0,-0.9975725231342949
12-12-2022,144.49,70310000.0,-0.9621209667529911
12-13-2022,145.47,93730000.0,0.9994790881755762
12-14-2022,143.21,82290000.0,0.11760776373557746
12-15-2022,136.5,97250000.0,0.9903566678985953
12-16-2022,134.51,160160000.0,-0.9897112746257335
12-19-2022,132.37,79150000.0,-0.9980389072443359
12-20-2022,132.3,77080000.0,0.9992789773386903
12-21-2022,135.45,85750000.0,0.9993285135133192
12-22-2022,132.23,77590000.0,-0.0037514097057282925
12-23-2022,131.86,63820000.0,0.9991840942093404
12-26-2022,131.86,63820000.0,0.003361903131008148
12-27-2022,130.03,68750000.0,0.9151114821434021
12-28-2022,126.04,84900000.0,-0.9975071433000267
12-29-2022,129.61,75480000.0,0.9976050459081307
12-30-2022,129.93,77030000.0,-0.9958962794626132
01-02-2023,129.93,77030000.0,0.8839159889612347
01-03-2023,125.07,111680000.0,-3.476607162156142e-05
01-04-2023,126.36,88460000.0,0.9849237431772053
01-05-2023,125.02,79970000.0,0.9944060288835317
01-06-2023,129.62,87760000.0,0.004039692757942248
01-09-2023,130.15,70500000.0,-0.8368653585202992
01-10-2023,130.73,63430000.0,-0.9963838249677792
01-11-2023,133.49,69120000.0,-0.9980307412915863
01-12-2023,133.41,71250000.0,-0.9970520110800862
01-13-2023,134.76,57810000.0,0.9994610595167615
01-16-2023,134.76,57810000.0,0.9991662316024303
01-17-2023,135.94,63420000.0,0.9989499523071572
01-18-2023,135.21,69670000.0,-1.554818300064653e-05
01-19-2023,135.27,58070000.0,-0.9973864632192999
01-20-2023,137.87,80220000.0,0.9994003848114517
01-23-2023,141.11,81570000.0,0.9971026047714986
01-24-2023,142.53,63710000.0,0.24704389553517103
01-25-2023,141.86,64690000.0,0.8625110595021397
01-26-2023,143.96,53650000.0,0.9991152371221688
01-27-2023,145.93,70560000.0,0.27575360611081123
01-30-2023,143.0,62980000.0,0.9993800244992599
01-31-2023,144.29,65870000.00000001,-0.9981948478962295
02-01-2023,145.43,76770000.0,0.9992137864755932
02-02-2023,150.82,104480000.0,-0.9972199272597209
02-03-2023,154.5,154360000.0,0.03784179544891231
02-06-2023,151.73,68020000.0,0.998802911140956
02-07-2023,154.65,83030000.0,-1.913763117045164e-05
02-08-2023,151.92,63470000.0,0.9971878440119326
02-09-2023,150.87,54900000.0,-0.8808615431189537
02-10-2023,151.01,57450000.0,0.7309894461650401
02-13-2023,153.85,61860000.0,0.9993357521016151
02-14-2023,153.2,61710000.0,0.9994069383683382
02-15-2023,155.33,65470000.0,-0.9297994783846661
02-16-2023,153.71,66840000.0,-3.4639379009604454e-06
02-17-2023,152.55,59140000.0,-2.629005757626146e-05
02-20-2023,152.55,59140000.0,-1.4805427781539038e-05
02-21-2023,148.48,58870000.0,-0.9978889515332412
02-22-2023,148.91,51010000.0,-0.9317900614696555
02-23-2023,149.4,48390000.0,0.9983236446423689
02-24-2023,146.71,55470000.0,0.9991177116608014
02-27-2023,147.92,45000000.0,0.992628713225713
02-28-2023,147.41,50550000.0,0.9946017239708453
03-01-2023,145.31,55220000.0,0.014515475486405194
03-02-2023,145.91,52090000.0,0.9980724572087638
03-03-2023,151.03,70500000.0,-1.3466713426169008e-05
03-06-2023,153.83,87560000.0,0.9993783050449565
03-07-2023,151.6,56180000.0,-0.9976521339849569
03-08-2023,152.87,47200000.0,0.9987589146185201
03-09-2023,150.59,53450000.0,-0.0884326733648777
03-10-2023,148.5,68570000.0,-0.001464221248170361
03-13-2023,150.47,84460000.0,-0.9972143229679205
03-14-2023,152.59,73370000.0,0.0012537534639704973
03-15-2023,152.99,75960000.0,0.9815499885007739
03-16-2023,155.85,76020000.0,0.9994305655709468
03-17-2023,155.0,98940000.0,0.0008376449986826628
03-20-2023,157.4,73470000.0,0.9651560168713331
03-21-2023,159.28,73760000.0,0.01145223478670232
03-22-2023,157.83,69170000.0,-0.9982226513675414
03-23-2023,158.93,67220000.0,-0.9948426389601082
03-24-2023,160.25,59260000.0,0.9982876955764368
03-27-2023,158.28,50420000.0,0.9983828594558872
03-28-2023,157.65,45580000.0,0.026036869327072054
03-29-2023,160.77,51310000.0,-4.183941200608388e-06
03-30-2023,162.36,46810000.0,-5.040157702751458e-06
03-31-2023,164.9,68750000.0,0.951459608564619
04-03-2023,166.17,54970000.0,-0.004717821895610541
04-04-2023,165.63,44430000.0,0.9991061611362966
04-05-2023,163.76,51300000.0,0.9992150171019603
04-06-2023,164.66,45390000.0,0.974306688643992
04-07-2023,164.66,45390000.0,0.0011480242610559799
04-10-2023,162.03,47030000.0,0.999529498963966
04-11-2023,160.8,46310000.0,-1.4995639503467828e-05
04-12-2023,160.1,49400000.0,0.00032269448274746537
04-13-2023,165.56,67160000.0,0.010888395176152699
04-14-2023,165.21,49390000.0,0.9994559566694079
04-17-2023,165.23,41520000.0,0.9974800889904145
04-18-2023,166.47,48410000.0,-0.6376984603703022
04-19-2023,167.63,47240000.0,0.22027504444122314
04-20-2023,166.65,52460000.0,0.9219885980710387
04-21-2023,165.02,58340000.0,0.999529406282818
04-24-2023,165.33,38990000.0,0.8359572216868401
04-25-2023,163.77,48170000.0,0.00018434414960211143
04-26-2023,163.76,44110000.0,-0.9980618287809193
04-27-2023,168.41,64220000.0,0.0488882273202762
04-28-2023,169.68,55280000.0,8.058138337219134e-05
05-01-2023,169.59,49390000.0,-0.9780517108738422
05-02-2023,168.54,48430000.0,0.6543481347616762
05-03-2023,167.45,59440000.0,0.9777427008375525
05-04-2023,165.79,70380000.0,0.9941903720609844
05-05-2023,173.57,113450000.0,0.9988879286247538
05-08-2023,173.5,55960000.0,0.9994127299141837
05-09-2023,171.77,45330000.0,0.9994656755152391
05-10-2023,173.55,53720000.0,0.9979659163072938
05-11-2023,173.75,49510000.0,0.9988270544854458
05-12-2023,172.57,45530000.0,0.00023061940737534314
05-15-2023,172.07,37180000.0,0.9991707874869462
05-16-2023,172.07,42110000.0,0.9993566152552376
05-17-2023,172.69,57950000.0,0.007846328429877758
05-18-2023,175.05,65090000.0,-0.9437130417209119
05-19-2023,175.16,52680000.0,-0.6696807404514402
05-22-2023,174.2,43310000.0,0.9992433482257184
05-23-2023,171.56,49180000.0,0.9985855718550738
05-24-2023,171.84,43490000.0,0.7432433888316154
05-25-2023,172.99,55920000.0,0.9989190442574909
05-26-2023,175.43,54830000.0,0.998747658188222
05-29-2023,175.43,54830000.0,0.9994803084991872
05-30-2023,177.3,55770000.0,-0.9981152933323756
05-31-2023,177.25,99310000.0,0.002064691507257521
06-01-2023,180.09,65300000.0,-0.0059691984206438065
06-02-2023,180.95,62000000.0,-0.3116755187511444
06-05-2023,179.58,121320000.0,0.9988333313667681
06-06-2023,179.21,64340000.0,0.6002666070125997
06-07-2023,177.82,61940000.0,0.9992828571412247
06-08-2023,180.57,50210000.0,0.9986036336631514
06-09-2023,180.96,48900000.0,0.00033007455931510776
06-12-2023,183.79,53570000.0,-3.9450242184102535e-05
06-13-2023,183.31,54650000.0,-0.9369168318808079
06-14-2023,183.95,56520000.0,0.999445446577738
06-15-2023,186.01,65280000.0,0.01713138647028245
06-16-2023,184.92,101260000.0,-0.6098946332931519
06-19-2023,184.92,101260000.0,0.9994104575744132
06-20-2023,185.01,48960000.0,-4.7236047976184636e-05
06-21-2023,183.96,49360000.0,0.9584912406280637
06-22-2023,187.0,50840000.0,0.002775499102426693
06-23-2023,186.68,53120000.0,0.9993609958182788
06-26-2023,185.27,47500000.0,-0.12107998912688345
06-27-2023,188.06,49730000.0,0.999256667753798
06-28-2023,189.25,50900000.0,0.999085907053086
06-29-2023,189.59,45450000.0,0.9990038966352586
06-30-2023,193.97,85210000.0,0.999384052134701
07-03-2023,192.46,31460000.0,0.9992296956770588
07-04-2023,192.46,31460000.0,0.007816958415787667
07-05-2023,191.33,46590000.0,0.9989594802027568
07-06-2023,191.81,45000000.0,-0.9982451248215511
07-07-2023,190.68,46820000.0,0.9988756180682685
07-10-2023,188.61,59100000.0,-0.997871880128514
07-11-2023,188.08,46420000.0,0.1626707911491394
07-12-2023,189.77,59770000.0,0.9907099342381116
07-13-2023,190.54,41340000.0,0.0013299489073688164
07-14-2023,190.69,41620000.0,0.9993767215055414
07-17-2023,193.99,49840000.0,0.9994296475924784
07-18-2023,193.73,48200000.0,-1.5098983567440882e-05
07-19-2023,195.1,80510000.0,0.9994153660227312
07-20-2023,193.13,59580000.0,0.99934416913311
07-21-2023,191.94,71950000.0,9.119168680626899e-06
07-24-2023,192.75,44860000.0,0.9993361438682768
07-25-2023,193.62,37280000.0,0.9961980751249939
07-26-2023,194.5,47470000.0,0.0008927262242650613
07-27-2023,193.22,47460000.0,0.9994961601041723
07-28-2023,195.83,48290000.0,-0.9550790749490261
07-31-2023,196.45,38590000.0,0.9990224893554114
08-01-2023,195.6,34730000.0,0.9994501766195754
08-02-2023,192.58,48900000.0,-0.9974842158844694
08-03-2023,191.17,52600000.0,-0.9979059569886886
08-04-2023,181.99,115960000.0,-0.9964446575613692
08-07-2023,178.85,97580000.0,-0.9954803010914475
08-08-2023,179.8,67600000.0,0.9993381954845972
08-09-2023,178.19,57800000.0,0.9994118517352035
08-10-2023,177.97,52600000.0,0.99891550684697
08-11-2023,177.79,52040000.0,0.0002714093279791996
08-14-2023,179.46,43680000.0,-0.0005405073898145929
08-15-2023,177.45,43370000.0,0.999375708430307
08-16-2023,176.57,45600000.0,-0.5623518228530884
08-17-2023,174.0,61250000.0,0.9986237197881564
08-18-2023,174.49,61170000.0,0.999463127765921
08-21-2023,175.84,44990000.0,0.8132632385822944
08-22-2023,177.23,41380000.0,-0.38077579578384757
08-23-2023,181.12,51470000.0,0.9993128118512686
08-24-2023,176.38,53220000.0,0.9992953658220358
08-25-2023,178.61,51450000.0,-6.980325997574255e-05
08-28-2023,180.19,42710000.0,-9.07122011994943e-06
08-29-2023,184.12,52360000.0,0.9994954425055766
08-30-2023,187.65,60590000.0,-0.9945211093872786
08-31-2023,187.87,60210000.0,0.9992601264821133
09-01-2023,189.46,45770000.0,-0.9715704284608364
09-04-2023,189.46,45770000.0,-0.9904481428675354
09-05-2023,189.7,44730000.0,0.9994560734339757
09-06-2023,182.91,81160000.0,-0.9978019816917367
09-07-2023,177.56,111940000.0,-0.9975490256911144
09-08-2023,178.18,65599999.99999999,-0.9963735133642331
09-11-2023,179.36,58330000.0,-0.9973665458965115
09-12-2023,176.3,89920000.0,0.17215048195794225
09-13-2023,174.21,83450000.0,0.9993975165562006
09-14-2023,175.74,59630000.0,0.9931985950097442
09-15-2023,175.01,109260000.0,0.9870941288536415
09-18-2023,177.97,65110000.0,-0.9726189617067575
09-19-2023,179.07,50490000.0,0.8981487527489662
09-20-2023,175.49,55690000.0,8.763491132413037e-05
09-21-2023,173.93,61710000.0,0.6748229563236237
09-22-2023,174.79,56730000.0,0.08169676820398308
09-25-2023,176.08,45990000.0,-0.975484904833138
09-26-2023,171.96,64230000.00000001,0.9993556919216644
09-27-2023,170.43,66500000.0,-0.9547962739598006
09-28-2023,170.69,56140000.0,0.11339104827493429
09-29-2023,171.21,51860000.0,0.9990019176329952
10-02-2023,173.75,52160000.0,0.9993389028823003
10-03-2023,172.4,49040000.0,0.3096666932106018
10-04-2023,173.66,52740000.0,-0.00040708304732106626
10-05-2023,174.91,48380000.0,-0.5258798007853329
10-06-2023,177.49,57270000.0,0.01236543880077079
10-09-2023,178.99,42390000.0,-0.7201726138591766
10-10-2023,178.39,43650000.0,-0.8058781381696463
10-11-2023,179.8,47040000.0,0.9936231197789311
10-12-2023,180.71,56550000.0,0.9961663533467799
10-13-2023,178.85,51460000.0,-0.997893015795853
10-16-2023,178.72,52170000.0,0.9984720705542713
10-17-2023,177.15,57420000.0,-0.9978503832244314
10-18-2023,175.84,54490000.0,0.9995219528063899
10-19-2023,175.46,57620000.0,-0.9982805019826628
10-20-2023,172.88,64239999.99999999,-0.00047521054511889815
10-23-2023,173.0,55240000.0,-0.9882308905944228
10-24-2023,173.44,43580000.0,0.9989281120942906
10-25-2023,171.1,56600000.0,-0.9976753486553207
10-26-2023,166.89,69450000.0,0.9900788657832891
10-27-2023,168.22,58500000.0,5.992865771986544e-05
10-30-2023,170.29,50470000.0,-0.9958588356385008
10-31-2023,170.77,43520000.0,0.9992139540263452
11-01-2023,173.97,56930000.0,0.9992515029443894
11-02-2023,177.57,67019999.99999999,0.9994156091997866
11-03-2023,176.65,79830000.0,0.9991629483993165
11-06-2023,179.23,63650000.0,0.9988574415328912
11-07-2023,181.82,70210000.0,0.9990591982787009
11-08-2023,182.89,49180000.0,0.0019336189870955423
11-09-2023,182.41,52450000.0,0.9960341526893899
11-10-2023,186.4,66180000.00000001,4.4689091737382114e-05
11-13-2023,184.8,41970000.0,-2.7882007998414338e-05
11-14-2023,187.44,59710000.0,-0.008216465474106371
11-15-2023,188.01,53230000.0,0.9988861283636652
11-16-2023,189.71,53990000.0,0.9900576890504453
11-17-2023,189.69,50940000.0,0.0004751075175590813
11-20-2023,191.45,46540000.0,-0.8067776965908706
11-21-2023,190.64,38130000.0,0.6925840079784393
11-22-2023,191.31,39630000.0,0.8944429829716682
11-23-2023,191.31,39630000.0,0.6185280956560746
11-24-2023,189.97,24040000.0,0.9977061008685268
11-27-2023,189.79,40400000.0,0.9992916254268494
11-28-2023,190.4,37790000.0,0.27960065891966224
11-29-2023,189.37,37940000.0,-0.0003342504205647856
11-30-2023,189.95,47990000.0,-0.9921962398220785
12-01-2023,191.24,45700000.0,-0.9116123914718628
12-04-2023,189.43,43070000.0,-0.996384633355774
12-05-2023,193.42,65349999.99999999,0.2088540851837024
12-06-2023,192.32,40900000.0,-9.351580229122192e-05
12-07-2023,194.27,47340000.0,0.8832165541825816
12-08-2023,195.71,53410000.0,0.00018393588834442198
12-11-2023,193.18,60780000.0,0.9937082673131954
12-12-2023,194.71,51290000.0,-0.9948224488180131
12-13-2023,197.96,67760000.0,0.9994190693541896
12-14-2023,198.11,65959999.99999999,0.9984588084043935
12-15-2023,197.57,128540000.0,-0.005681918701156974
12-18-2023,195.89,55750000.0,-0.07995129283517599
12-19-2023,196.94,40230000.0,0.999181215884164
12-20-2023,194.83,50130000.0,0.998962361831218
12-21-2023,194.68,44080000.0,0.9979819243017118
12-22-2023,193.6,37150000.0,0.937664796365425
12-25-2023,193.6,37150000.0,0.9978416822850704
12-26-2023,193.05,28810000.0,-0.13581428886391222
12-27-2023,193.15,47900000.0,0.9990036482922733
12-28-2023,193.58,33830000.0,0.8187829926609993
12-29-2023,192.53,42670000.0,0.9995418326725485
01-01-2024,192.53,42670000.0,0.9990817049983889
01-02-2024,185.64,79820000.0,0.9986484705004841
01-03-2024,184.25,56440000.0,-0.8991967625916004
01-04-2024,181.91,70700000.0,-0.9949376443400979
01-05-2024,181.18,62380000.0,-0.997741267317906
01-08-2024,185.56,59140000.0,-0.9946453294251114
01-09-2024,185.14,42840000.0,0.6825656443834305
01-10-2024,186.19,45900000.0,0.9638331681489944
01-11-2024,185.59,49130000.0,8.761686331126839e-05
01-12-2024,185.92,40480000.0,0.0024144018534570932
01-15-2024,185.92,40480000.0,0.7050056958687492
01-16-2024,183.63,65440000.0,0.24537654500454664
01-17-2024,182.68,47190000.0,-0.9922377279726788
01-18-2024,188.63,77400000.0,0.8892495296895504
01-19-2024,191.56,68900000.0,0.9988304242724553
01-22-2024,193.89,60130000.0,0.3189032394438982
01-23-2024,195.18,42200000.0,-0.8045350164175034
01-24-2024,194.5,53460000.0,-0.9966865958413109
01-25-2024,194.17,54530000.0,0.999069746787427
01-26-2024,192.42,44590000.0,-0.9931150298798457
01-29-2024,191.73,46890000.0,0.9994715466309572
01-30-2024,188.04,55270000.0,-0.8602414913475513
01-31-2024,184.4,54830000.0,2.6929337764158845e-06
02-01-2024,186.86,53490000.0,0.9972573602572083
02-02-2024,185.85,102550000.0,-0.9979554961319081
